customer_id,customer_name,city,recency_days,frequency,total_amount_spent,r_score,f_score,m_score
19,"Aarav Deshmukh",Bengaluru,NULL,0,0.00,4,1,1
31,"Aarav Bhasin",Ahmedabad,NULL,0,0.00,4,1,1
35,"Divya Bhat",Bengaluru,NULL,0,0.00,4,1,1
38,"Isha Rao",Lucknow,NULL,0,0.00,4,1,1
61,"Karan Chopra",Lucknow,NULL,0,0.00,4,1,1
70,"Varun Singh",Hyderabad,NULL,0,0.00,5,1,1
83,"Kavya Kumar",Ahmedabad,NULL,0,0.00,5,1,1
116,"Amit Bhasin",Hyderabad,NULL,0,0.00,5,1,1
121,"Ananya Kulkarni",Jaipur,NULL,0,0.00,5,1,1
125,"Isha Patel",Lucknow,NULL,0,0.00,5,1,1
140,"Isha Gupta",Chennai,NULL,0,0.00,5,1,1
147,"Neha Verma",Mumbai,NULL,0,0.00,5,1,1
167,"Aarav Joshi",Chennai,NULL,0,0.00,5,1,1
169,"Varun Bhasin",Jaipur,NULL,0,0.00,5,1,1
170,"Amit Agarwal",Bareilly,NULL,0,0.00,5,1,1
171,"Tanvi Patel",Mumbai,NULL,0,0.00,5,1,1
172,"Neha Bhasin",Chandigarh,NULL,0,0.00,5,1,1
173,"Vikram Gupta",Kolkata,NULL,0,0.00,5,1,1
174,"Aarav Verma",Jaipur,NULL,0,0.00,5,1,1
175,"Tanvi Saxena",Chennai,NULL,0,0.00,5,1,1
176,"Karan Mehta",Surat,NULL,0,0.00,5,1,1
177,"Riya Singh",Mumbai,NULL,0,0.00,5,1,1
178,"Amit Kumar",Ahmedabad,NULL,0,0.00,5,1,1
179,"Vikram Joshi",Chandigarh,NULL,0,0.00,5,1,1
180,"Divya Bhat",Jaipur,NULL,0,0.00,5,1,1
181,"Rohan Kumar",Bareilly,NULL,0,0.00,5,1,1
182,"Aditya Agarwal",Bengaluru,NULL,0,0.00,5,1,1
183,"Pooja Kumar",Lucknow,NULL,0,0.00,5,1,1
184,"Siddharth Patel",Delhi,NULL,0,0.00,5,1,1
185,"Sneha Iyer",Hyderabad,NULL,0,0.00,5,1,1
186,"Isha Joshi",Lucknow,NULL,0,0.00,5,1,1
187,"Ananya Deshmukh",Bareilly,NULL,0,0.00,5,1,1
188,"Aditya Nair",Chennai,NULL,0,0.00,5,1,1
189,"Pooja Iyer",Surat,NULL,0,0.00,5,1,1
190,"Rahul Malhotra",Kolkata,NULL,0,0.00,5,1,1
191,"Priya Malhotra",Kolkata,NULL,0,0.00,5,1,1
192,"Kavya Mehta",Chennai,NULL,0,0.00,5,1,1
193,"Riya Singh",Hyderabad,NULL,0,0.00,5,1,1
194,"Karan Kulkarni",Delhi,NULL,0,0.00,5,1,1
195,"Kavya Saxena",Bareilly,NULL,0,0.00,5,1,1
196,"Karan Kulkarni",Hyderabad,NULL,0,0.00,5,2,2
197,"Neha Joshi",Bengaluru,NULL,0,0.00,5,2,2
198,"Aditya Sharma",Bareilly,NULL,0,0.00,5,2,2
199,"Siddharth Kumar",Mumbai,NULL,0,0.00,5,2,2
200,"Priya Reddy",Kolkata,NULL,0,0.00,5,2,2
48,"Neha Sharma",Delhi,664,1,1136.19,1,2,2
44,"Isha Iyer",Kolkata,487,1,9216.10,1,2,2
79,"Neha Bhat",Pune,533,1,18835.10,1,2,2
138,"Riya Joshi",Bareilly,195,1,21838.82,2,2,2
156,"Riya Deshmukh",Pune,25,2,26543.98,4,3,2
120,"Siddharth Sharma",Lucknow,397,1,39413.68,1,2,2
40,"Priya Kumar",Surat,12,1,50913.88,4,2,2
28,"Divya Reddy",Mumbai,729,1,51309.18,1,2,2
150,"Sneha Nair",Chandigarh,311,1,55386.07,2,2,2
148,"Kavya Chopra",Delhi,253,2,55563.13,2,3,2
126,"Varun Deshmukh",Kolkata,596,1,75103.51,1,2,2
129,"Aditya Iyer",Bareilly,135,2,87171.58,3,3,2
95,"Pooja Kumar",Delhi,279,1,90880.37,2,2,2
110,"Tanvi Kumar",Kolkata,472,1,104845.08,1,2,2
96,"Isha Deshmukh",Jaipur,435,1,106058.85,1,2,2
98,"Rahul Joshi",Bengaluru,112,3,107840.47,3,4,2
8,"Karan Chopra",Delhi,643,2,108855.24,1,2,2
65,"Riya Saxena",Chennai,58,2,115055.06,4,3,2
145,"Riya Deshmukh",Chennai,454,1,116319.57,1,2,2
164,"Divya Bhasin",Surat,65,3,123597.79,3,4,2
6,"Riya Chopra",Surat,367,1,128713.78,1,2,2
27,"Ananya Gupta",Ahmedabad,414,1,134200.32,1,2,2
71,"Amit Rao",Chandigarh,361,1,149336.84,1,2,2
103,"Divya Patel",Pune,280,1,150887.79,2,2,2
58,"Rohan Iyer",Chandigarh,247,2,161905.15,2,3,2
4,"Tanvi Mehta",Jaipur,262,3,166160.43,2,3,2
20,"Karan Bhasin",Hyderabad,612,2,171500.72,1,2,2
43,"Aditya Saxena",Bareilly,88,2,201494.74,3,3,2
42,"Riya Sharma",Hyderabad,400,2,205733.64,1,2,2
134,"Kavya Kulkarni",Surat,53,2,206446.19,4,3,2
141,"Aditya Rao",Chandigarh,408,1,207523.34,1,2,2
78,"Kavya Agarwal",Kolkata,521,1,209772.22,1,2,2
168,"Amit Malhotra",Hyderabad,273,3,215763.68,2,3,2
94,"Rohan Bhat",Surat,525,1,217533.35,1,2,2
151,"Aditya Reddy",Ahmedabad,276,1,234311.37,2,2,2
107,"Rahul Agarwal",Chennai,153,4,237258.89,3,4,3
57,"Aditya Iyer",Jaipur,479,1,239810.02,1,2,3
33,"Tanvi Bhat",Chennai,427,1,240321.60,1,2,3
122,"Vikram Iyer",Bengaluru,331,3,241443.33,2,3,3
34,"Kavya Chopra",Hyderabad,307,2,243228.88,2,3,3
5,"Isha Rao",Delhi,70,3,249229.05,3,4,3
66,"Ananya Singh",Pune,255,2,254262.55,2,3,3
163,"Rahul Bhat",Chennai,197,2,256026.53,2,3,3
118,"Aarav Patel",Chandigarh,591,2,258550.07,1,2,3
63,"Varun Rao",Mumbai,590,2,261243.59,1,2,3
111,"Divya Iyer",Surat,23,3,265842.14,4,4,3
157,"Aarav Saxena",Bengaluru,43,2,269570.41,4,3,3
75,"Neha Nair",Surat,294,3,270548.18,2,3,3
109,"Rahul Joshi",Mumbai,52,2,271828.28,4,3,3
7,"Kabir Gupta",Delhi,339,2,275515.41,1,2,3
132,"Neha Agarwal",Bengaluru,224,2,276481.64,2,3,3
149,"Vikram Bhasin",Ahmedabad,242,2,287065.05,2,3,3
90,"Neha Iyer",Delhi,381,2,288832.24,1,2,3
97,"Vikram Kulkarni",Delhi,45,2,296163.83,4,3,3
14,"Ananya Bhasin",Bengaluru,421,2,298664.77,1,2,3
152,"Neha Chopra",Chandigarh,484,2,301243.76,1,2,3
112,"Rohan Reddy",Bareilly,233,3,307273.46,2,3,3
39,"Varun Kulkarni",Kolkata,325,2,308767.94,2,3,3
128,"Kabir Saxena",Chandigarh,138,3,311451.95,3,4,3
17,"Divya Saxena",Surat,11,4,319677.39,4,5,3
46,"Kabir Joshi",Mumbai,80,3,320422.80,3,4,3
89,"Pooja Sharma",Chennai,140,3,322577.53,3,4,3
159,"Rohan Gupta",Hyderabad,351,3,323637.17,1,3,3
68,"Karan Deshmukh",Delhi,410,3,326465.16,1,3,3
22,"Sneha Nair",Kolkata,45,2,327748.85,4,3,3
9,"Aditya Kumar",Pune,135,4,334150.80,3,4,3
162,"Divya Joshi",Lucknow,62,2,334534.68,3,3,3
36,"Kavya Deshmukh",Surat,160,4,337142.01,3,4,3
3,"Aditya Malhotra",Chennai,250,2,339800.28,2,3,3
85,"Rohan Rao",Mumbai,109,4,343632.30,3,4,3
105,"Kavya Saxena",Bareilly,257,3,344596.01,2,3,3
60,"Varun Joshi",Delhi,545,2,349160.17,1,2,3
88,"Sneha Bhat",Lucknow,407,3,355423.10,1,3,3
54,"Karan Singh",Jaipur,61,5,359671.84,3,5,3
143,"Divya Verma",Pune,21,2,361621.08,4,3,3
41,"Amit Kumar",Chennai,31,4,364702.42,4,5,4
15,"Karan Singh",Bareilly,124,2,366995.34,3,3,4
86,"Aarav Iyer",Bengaluru,175,3,374372.03,2,4,4
155,"Varun Gupta",Hyderabad,198,2,379277.98,2,3,4
16,"Riya Malhotra",Chennai,223,4,387798.10,2,4,4
92,"Amit Mehta",Jaipur,64,3,391230.83,3,4,4
133,"Ananya Mehta",Chandigarh,430,5,391293.41,1,5,4
52,"Sneha Bhat",Chennai,53,3,392435.45,4,4,4
161,"Priya Mehta",Bengaluru,188,2,395707.83,2,3,4
29,"Karan Nair",Pune,57,5,401072.36,4,5,4
45,"Kavya Nair",Hyderabad,169,3,401152.59,2,4,4
87,"Aarav Iyer",Jaipur,15,4,402663.76,4,5,4
49,"Tanvi Chopra",Surat,121,3,403307.24,3,4,4
69,"Pooja Patel",Chennai,128,5,403384.19,3,5,4
115,"Amit Bhat",Hyderabad,108,3,403823.68,3,4,4
82,"Aarav Kulkarni",Mumbai,182,3,404151.02,2,4,4
37,"Rohan Sharma",Ahmedabad,333,2,406107.96,1,2,4
12,"Rahul Singh",Hyderabad,64,3,408084.89,3,4,4
73,"Rohan Bhasin",Chandigarh,114,2,409316.42,3,3,4
117,"Kabir Verma",Ahmedabad,6,3,414615.52,4,4,4
18,"Ananya Chopra",Delhi,32,4,416071.65,4,5,4
47,"Aarav Kumar",Chennai,219,3,416833.01,2,4,4
13,"Divya Singh",Ahmedabad,82,2,420693.42,3,3,4
139,"Divya Sharma",Kolkata,310,3,434080.19,2,3,4
72,"Aditya Sharma",Jaipur,98,3,442225.59,3,4,4
32,"Aarav Iyer",Delhi,389,2,445255.09,1,2,4
160,"Isha Singh",Chennai,57,4,446623.53,4,5,4
67,"Aditya Rao",Chandigarh,123,4,451595.40,3,4,4
119,"Karan Saxena",Mumbai,57,4,453043.39,4,5,4
25,"Divya Nair",Delhi,103,3,455492.02,3,4,4
1,"Sneha Patel",Bengaluru,122,3,467701.60,3,4,4
146,"Vikram Bhat",Delhi,48,3,471760.89,4,4,4
166,"Isha Chopra",Bareilly,496,3,474932.96,1,3,4
50,"Rohan Bhasin",Jaipur,215,4,485383.55,2,4,4
77,"Karan Deshmukh",Hyderabad,360,4,492421.54,1,4,4
100,"Pooja Deshmukh",Bareilly,95,3,500470.02,3,4,4
53,"Rohan Deshmukh",Kolkata,121,4,511285.83,3,4,4
30,"Rohan Mehta",Delhi,51,5,517419.40,4,5,4
76,"Isha Verma",Pune,373,3,523016.58,1,3,4
123,"Kavya Iyer",Jaipur,210,6,529530.79,2,5,4
26,"Divya Joshi",Lucknow,34,5,537381.94,4,5,5
127,"Varun Reddy",Jaipur,17,4,544172.75,4,5,5
81,"Rahul Rao",Bengaluru,401,3,544175.90,1,3,5
74,"Karan Verma",Mumbai,199,5,551794.87,2,5,5
51,"Varun Deshmukh",Kolkata,370,3,555248.00,1,3,5
113,"Kabir Malhotra",Jaipur,163,3,571243.89,3,4,5
102,"Aarav Verma",Jaipur,280,4,572691.34,2,4,5
154,"Priya Kulkarni",Pune,206,4,573944.52,2,4,5
101,"Siddharth Mehta",Ahmedabad,264,4,575925.18,2,4,5
64,"Priya Reddy",Chandigarh,36,4,580574.72,4,5,5
80,"Siddharth Kulkarni",Chennai,490,3,584825.99,1,3,5
165,"Rohan Joshi",Ahmedabad,64,5,603990.13,3,5,5
106,"Rohan Rao",Bareilly,69,5,621685.94,3,5,5
158,"Ananya Singh",Lucknow,348,4,637722.19,1,4,5
131,"Siddharth Kulkarni",Surat,58,5,640706.34,4,5,5
136,"Pooja Deshmukh",Jaipur,33,5,663798.92,4,5,5
124,"Sneha Chopra",Chandigarh,202,4,667286.59,2,4,5
2,"Divya Singh",Chennai,184,6,667480.72,2,5,5
55,"Karan Bhasin",Hyderabad,83,4,669700.91,3,4,5
130,"Ananya Malhotra",Bengaluru,5,4,685445.07,4,5,5
11,"Rohan Patel",Delhi,149,4,708336.59,3,4,5
135,"Ananya Bhat",Bareilly,82,4,730524.43,3,5,5
21,"Kavya Kulkarni",Bareilly,11,8,751900.80,4,5,5
153,"Riya Saxena",Chennai,159,5,761267.34,3,5,5
137,"Pooja Joshi",Lucknow,121,5,766989.68,3,5,5
62,"Siddharth Nair",Bengaluru,118,6,769709.46,3,5,5
84,"Divya Patel",Chandigarh,10,6,775262.84,4,5,5
23,"Neha Patel",Mumbai,97,4,776457.84,3,4,5
144,"Siddharth Patel",Ahmedabad,185,7,782203.30,2,5,5
91,"Vikram Malhotra",Lucknow,189,6,820531.46,2,5,5
108,"Rohan Rao",Mumbai,91,6,821829.12,3,5,5
93,"Isha Mehta",Pune,58,5,822239.09,4,5,5
59,"Kabir Kumar",Jaipur,90,7,830953.66,3,5,5
114,"Neha Reddy",Pune,47,6,835902.68,4,5,5
104,"Amit Gupta",Chandigarh,27,5,849161.51,4,5,5
142,"Kabir Nair",Mumbai,2,5,961236.60,4,5,5
99,"Aarav Sharma",Surat,24,7,975873.30,4,5,5
10,"Kavya Agarwal",Chandigarh,29,6,995912.84,4,5,5
24,"Rohan Verma",Pune,330,8,1001296.03,2,5,5
56,"Kavya Patel",Pune,288,7,1072378.32,2,5,5
